student_id,first_name,last_name,school,grade,frl_status,ell_flag,sped_flag,dob
200000,Sophia,Garcia ,pinecrest,10,Paid,0,0,2017-02-04
200001,Noah,Wilson,Sunset,K,Unknown,1,0,2010-11-28
200002,Amelia,Thomas,Riverview,6.0,Free/Reduced,0,0,2015-03-10
200003,Charlotte,Martin,Altura,9,Free/Reduced,1,0,2017-05-27
200004,Mia,Lopez,Altura,1,Unknown,1,0,2015-05-26
200005,Isabella,Martinez,Mosley,4,Paid,0,0,2007-10-05
200006,Benjamin,Smith,Mosley,9,Free/Reduced,0,0,2011-10-10
200007,Charlotte,Johnson,Sunset,hs-senior,Paid,0,1,2018-01-24
200008,Amelia,Anderson,Pinecrest,11,Paid,0,0,2008-09-14
200009,James,Anderson,Mosley,2,Free/Reduced,0,0,2015-01-17
200010,Elijah,Taylor,Mosley,10,Paid,0,1,2016-02-25
200011,Sophia,Anderson,Sunset,5,Free/Reduced,0,0,2015-02-22
200012,Elijah,Davis,Pinecrest,7,Free/Reduced,0,0,2009-01-15
200013,Charlotte,Martin,Riverview,8,Free/Reduced,0,0,2010-01-11
200014,Sophia,Smith,Mosley,7,Paid,0,0,2016-07-17
200015,James,Garcia,Pinecrest,8,Paid,1,0,2012-01-15
200016,Lucas,Martinez,Pinecrest,11,Free/Reduced,1,0,2011-11-08
200017,Sophia,Moore,Riverview,hs-senior,Free/Reduced,0,0,2011-03-06
200018,Sophia,Davis,Riverview,6.0,Free/Reduced,0,0,2013-02-19
200019,Mateo,Davis,Mosley,8,Free/Reduced,0,0,2011-03-15
200020,Benjamin,Lopez,Riverview,5,Free/Reduced,0,0,2010-01-02
200021,Emma,Smith,Sunset,9,Free/Reduced,0,0,2017-04-11
200022,Mateo,Wilson,Mosley,10,Free/Reduced,0,0,2012-12-13
200023,Charlotte,Smith,Altura,7,Paid,1,0,2011-06-01
200024,Mia,Brown,Mosley,1,Unknown,0,0,2015-08-29
200025,Ava,Taylor,Mosley,1,Paid,1,0,2009-05-16
200026,Lucas,Garcia,Riverview,4,Free/Reduced,1,1,2018-11-12
200027,Sophia,Anderson,Mosley,10,Paid,1,0,2012-04-23
200028,Elijah,Garcia,Altura,2,Paid,0,0,2014-09-01
200029,Lucas,Brown,Pinecrest,4,Free/Reduced,0,0,2010-04-14
200030,Lucas,Garcia,Sunset,3,Free/Reduced,0,0,2011-01-01
200031,Ava,Smith,riverview,7,Paid,0,0,2017-01-27
200032,Mia,Davis,Pinecrest,6.0,Free/Reduced,0,0,2016-01-24
200033,James,Brown,Sunset,10,Free/Reduced,1,0,2010-08-05
200034,Emma,Davis,Riverview,K,Paid,0,1,2016-05-06
200035,Amelia,Smith,Altura,5,Free/Reduced,0,0,2013-04-27
200036,Lucas,Thomas,Pinecrest,9,Paid,0,0,2015-08-11
200037,Sophia,Johnson,Mosley,4,Free/Reduced,1,0,2019-07-21
200038,Sophia,Jackson,Mosley,6.0,Free/Reduced,0,0,2015-09-29
200039,Lucas,Garcia,Pinecrest,9,Paid,0,1,2010-11-10
200040,Amelia,Johnson,Altura,8,Free/Reduced,0,0,2010-10-23
200041,Olivia,Thomas,Pinecrest,4,Free/Reduced,0,0,2014-12-13
200042,Ava,Wilson,Sunset,3,Paid,0,0,2019-01-03
200043,Mia,Lopez,Altura,2,Unknown,0,0,2007-12-29
200044,Charlotte,Brown,Riverview,1,Free/Reduced,1,0,2012-12-14
200045,Emma,Smith,Altura,2,Free/Reduced,0,0,2016-10-26
200046,James,Lopez,Sunset,6.0,Paid,0,0,2017-04-07
200047,Emma,Davis ,Altura,1,Free/Reduced,0,0,2016-01-16
200048,Emma,Moore,Altura,10,Paid,0,0,2013-05-02
200049,Isabella,Thomas,Pinecrest,11,Free/Reduced,0,1,2012-02-18
200050,Ava,Wilson,Sunset,2,Free/Reduced,0,0,2010-02-12
200051,Mateo,Garcia,Sunset,6.0,Paid,0,0,2018-05-19
200052,Mateo,Moore,Mosley,3,Free/Reduced,0,0,2015-04-06
200053,Ava,Thomas,Mosley,11,Free/Reduced,1,0,2016-08-11
200054,Isabella,Martinez,Mosley,hs-senior,Free/Reduced,0,1,2009-07-07
200055,Isabella,Martinez,Sunset,11,Unknown,0,0,2013-07-14
200056,Elijah,Lopez,Pinecrest,11,Free/Reduced,0,0,2018-06-27
200057,Benjamin,Garcia,Pinecrest,5,Paid,0,0,2019-02-01
200058,Lucas,Lopez,Pinecrest,9,Free/Reduced,0,0,2016-04-06
200059,Mia,Moore,Mosley,9,Paid,0,0,2013-07-27
200060,Emma,Thomas,Pinecrest,hs-senior,Free/Reduced,0,0,2010-04-11
200061,Amelia,Smith,Altura,1,Paid,0,0,2015-01-03
200062,Liam,Martinez,riverview,3,Paid,1,1,2012-04-07
200063,Charlotte,Lopez,Pinecrest,10,Free/Reduced,0,0,2013-09-23
200064,Mateo,Thomas,Pinecrest,1,Free/Reduced,0,0,2010-08-17
200065,Noah,Moore,Sunset,11,Paid,0,0,2009-01-17
200066,Charlotte,Moore,Mosley,11,Free/Reduced,1,0,2012-09-26
200067,Charlotte,Martinez,Altura,hs-senior,Paid,0,0,2017-04-13
200068,Liam,Anderson,Mosley,4,Unknown,0,0,2008-12-14
200069,Lucas,Taylor,Mosley,hs-senior,Paid,0,0,2010-10-20
200070,Amelia,Garcia,Riverview,5,Paid,0,1,2018-01-01
200071,Mateo,Davis,Altura,4,Free/Reduced,0,0,2015-10-05
200072,Benjamin,Brown,Pinecrest,hs-senior,Paid,0,0,2015-07-12
200073,Benjamin,Johnson,Riverview,2,Free/Reduced,0,0,2019-01-19
200074,Lucas,Davis,Pinecrest,8,Free/Reduced,0,0,2008-10-09
200075,Sophia,Davis,Sunset,8,Paid,1,0,2017-08-15
200076,Emma,Thomas,Pinecrest,4,Free/Reduced,0,1,2009-08-17
200077,Noah,Martin,Pinecrest,10,Free/Reduced,0,0,2008-05-07
200078,Liam,Davis,Sunset,8,Paid,0,0,2012-09-22
200079,Ava,Lopez,Sunset,9,Paid,0,0,2011-04-22
200080,Liam,Johnson,Riverview,6.0,Paid,0,0,2011-05-21
200081,Amelia,Martin,Sunset,11,Unknown,0,1,2015-06-03
200082,Amelia,Garcia,Riverview,hs-senior,Free/Reduced,0,0,2018-02-18
200083,Mateo,Brown,Riverview,7,Paid,0,0,2010-02-16
200084,Elijah,Garcia,Mosley,11,Free/Reduced,0,0,2016-03-19
200085,Mia,Martinez,Altura,4,Free/Reduced,0,0,2009-02-05
200086,Isabella,Martin,Riverview,7,Paid,0,0,2013-11-09
200087,Charlotte,Wilson,Pinecrest,hs-senior,Free/Reduced,0,0,2011-02-28
200088,Noah,Wilson,Riverview,9,Free/Reduced,0,0,2012-03-04
200089,Sophia,Martin,Sunset,K,Paid,0,0,2013-05-07
200090,Isabella,Lopez,Mosley,3,Free/Reduced,0,1,2016-08-27
200091,Lucas,Garcia,Riverview,9,Free/Reduced,0,0,2018-08-21
200092,Ava,Moore,Altura,4,Free/Reduced,0,0,2013-01-27
200093,Mateo,Jackson,mosley,hs-senior,Free/Reduced,0,0,2014-09-07
200094,Benjamin,Taylor ,Altura,11,Free/Reduced,1,0,2014-10-04
200095,Elijah,Martinez,Pinecrest,1,Free/Reduced,1,1,2009-06-07
200096,Olivia,Smith,Riverview,10,Paid,0,0,2010-10-16
200097,Noah,Brown,Mosley,10,Free/Reduced,0,0,2011-12-22
200098,Emma,Martin,Altura,7,Free/Reduced,0,0,2007-09-10
200099,Emma,Lopez,Riverview,3,Paid,0,0,2014-03-04
200100,Ava,Anderson,Sunset,7,Free/Reduced,0,1,2018-09-10
200101,Amelia,Johnson,Altura,10,Unknown,0,0,2016-12-13
200102,Olivia,Moore,Pinecrest,2,Paid,0,0,2015-08-08
200103,Mateo,Martin,Riverview,5,Paid,0,0,2011-04-11
200104,Elijah,Martin,Pinecrest,9,Free/Reduced,0,0,2013-09-01
200105,Ava,Lopez,Riverview,1,Free/Reduced,0,0,2014-11-09
200106,Sophia,Brown,Mosley,2,Paid,0,0,2011-02-06
200107,Mateo,Garcia,Pinecrest,10,Paid,0,0,2013-10-22
200108,Olivia,Johnson,Sunset,11,Free/Reduced,1,0,2016-07-03
200109,Elijah,Martinez,Riverview,6.0,Paid,0,0,2013-01-07
200110,Noah,Thomas,Mosley,5,Free/Reduced,1,0,2009-11-23
200111,Isabella,Martin,Sunset,hs-senior,Free/Reduced,0,0,2012-02-26
200112,Amelia,Taylor,Pinecrest,8,Paid,1,0,2016-05-13
200113,Ava,Moore,Riverview,1,Free/Reduced,0,0,2012-07-28
200114,Benjamin,Martinez,Pinecrest,11,Free/Reduced,1,1,2015-01-30
200115,Charlotte,Anderson,Sunset,3,Paid,0,0,2009-02-18
200116,Isabella,Taylor,Pinecrest,7,Free/Reduced,1,0,2010-04-12
200117,Amelia,Taylor,Altura,2,Free/Reduced,0,1,2019-01-19
200118,Mateo,Davis,Mosley,3,Free/Reduced,1,0,2019-04-14
200119,Olivia,Davis,Altura,hs-senior,Free/Reduced,0,0,2013-11-10
200120,Mia,Taylor,Pinecrest,5,Free/Reduced,0,0,2017-03-27
200121,Mia,Johnson,Mosley,10,Free/Reduced,0,0,2016-09-06
200122,Olivia,Brown,Altura,3,Paid,1,0,2011-09-21
200123,Mia,Martin,Riverview,11,Unknown,1,1,2016-02-05
200124,Ava,Anderson,mosley,3,Paid,0,0,2016-09-23
200125,Emma,Brown,Pinecrest,8,Paid,1,1,2011-04-04
200126,Elijah,Martin,Pinecrest,6.0,Paid,0,0,2010-04-01
200127,Liam,Lopez,Sunset,10,Paid,0,1,2011-04-01
200128,Amelia,Johnson,Pinecrest,11,Free/Reduced,0,0,2016-05-26
200129,Amelia,Garcia,Sunset,6.0,Paid,0,0,2017-06-17
200130,Olivia,Moore,Altura,11,Free/Reduced,1,0,2015-03-31
200131,Liam,Brown,Riverview,10,Paid,0,0,2011-03-25
200132,Mateo,Martin,Pinecrest,8,Free/Reduced,0,0,2013-08-15
200133,Emma,Thomas,Sunset,4,Paid,0,0,2012-02-09
200134,Emma,Thomas,Altura,4,Free/Reduced,0,0,2008-11-28
200135,Isabella,Jackson,Pinecrest,6.0,Paid,0,0,2011-06-18
200136,Ava,Brown,Altura,10,Free/Reduced,1,0,2010-10-11
200137,Mateo,Lopez,Sunset,hs-senior,Free/Reduced,1,0,2012-07-21
200138,Noah,Garcia,Altura,11,Paid,1,0,2008-02-01
200139,Liam,Martinez,Mosley,5,Free/Reduced,0,0,2018-12-12
200140,Sophia,Brown,Pinecrest,10,Paid,0,0,2014-01-09
200141,Emma,Moore ,Pinecrest,hs-senior,Paid,0,0,2018-11-29
200142,Benjamin,Wilson,Sunset,9,Paid,0,0,2017-11-13
200143,Mateo,Thomas,Altura,9,Free/Reduced,0,1,2016-04-23
200144,Isabella,Lopez,Altura,9,Free/Reduced,1,1,2011-10-10
200145,Liam,Martin,Altura,7,Free/Reduced,0,0,2016-06-28
200146,Mia,Moore,Altura,1,Paid,0,0,2007-10-09
200147,Charlotte,Wilson,Riverview,10,Free/Reduced,0,1,2010-10-06
200148,Benjamin,Johnson,Altura,11,Free/Reduced,1,0,2018-02-05
200149,Mateo,Lopez,Altura,K,Free/Reduced,0,0,2008-05-29
200150,Elijah,Moore,Pinecrest,10,Free/Reduced,0,0,2017-12-17
200151,Mia,Jackson,Riverview,4,Free/Reduced,0,0,2009-08-05
200152,Emma,Martin,Altura,1,Free/Reduced,0,1,2012-09-02
200153,James,Martinez,Altura,6.0,Paid,1,0,2012-10-12
200154,Liam,Anderson,Sunset,1,Free/Reduced,1,0,2017-06-04
200155,Benjamin,Thomas,altura,6.0,Free/Reduced,1,0,2012-08-01
200156,Olivia,Lopez,Pinecrest,hs-senior,Unknown,0,0,2015-02-28
200157,Liam,Martin,Pinecrest,11,Free/Reduced,0,0,2016-04-26
200158,Lucas,Garcia,Sunset,1,Paid,0,0,2011-01-01
200159,Lucas,Johnson,Pinecrest,11,Paid,0,0,2010-05-11
200160,Amelia,Davis,Mosley,10,Free/Reduced,0,0,2015-12-08
200161,Amelia,Martinez,Pinecrest,1,Paid,0,1,2012-01-09
200162,Elijah,Johnson,Riverview,11,Paid,0,1,2013-07-10
200163,Ava,Taylor,Pinecrest,10,Paid,0,0,2019-05-27
200164,Mateo,Davis,Mosley,11,Unknown,0,1,2015-02-10
200165,Mateo,Martinez,Sunset,2,Paid,1,0,2008-06-21
200166,Liam,Jackson,Sunset,hs-senior,Paid,0,0,2010-06-04
200167,Olivia,Brown,Sunset,8,Unknown,0,0,2011-01-28
200168,Emma,Jackson,Pinecrest,2,Paid,1,0,2010-03-06
200169,Ava,Thomas,Riverview,K,Free/Reduced,1,1,2009-07-18
200170,James,Moore,Sunset,2,Paid,0,0,2018-08-13
200171,Mia,Taylor,Sunset,7,Free/Reduced,1,0,2007-10-09
200172,Charlotte,Lopez,Pinecrest,4,Paid,0,0,2017-05-01
200173,Mateo,Brown,Pinecrest,2,Free/Reduced,1,0,2018-09-09
200174,Noah,Davis,Sunset,7,Free/Reduced,0,0,2016-07-08
200175,James,Brown,Altura,9,Free/Reduced,1,0,2012-01-25
200176,Amelia,Martin,Mosley,1,Free/Reduced,0,0,2010-04-17
200177,Amelia,Martinez,Pinecrest,hs-senior,Free/Reduced,0,0,2016-10-27
200178,Benjamin,Moore,Mosley,8,Free/Reduced,0,0,2007-12-26
200179,Liam,Wilson,Riverview,hs-senior,Free/Reduced,0,0,2011-06-21
200180,Charlotte,Davis,Mosley,9,Paid,0,0,2008-04-01
200181,Mia,Wilson,Altura,1,Paid,0,0,2015-02-11
200182,Isabella,Wilson,Altura,5,Free/Reduced,0,0,2010-03-06
200183,Sophia,Johnson,Pinecrest,3,Paid,1,0,2008-11-01
200184,Ava,Wilson,Sunset,10,Free/Reduced,1,0,2011-08-10
200185,Lucas,Johnson,Pinecrest,hs-senior,Paid,0,0,2014-04-27
200186,Sophia,Taylor,pinecrest,8,Paid,0,0,2018-12-01
200187,Mateo,Johnson,Altura,4,Free/Reduced,1,0,2017-08-17
200188,Benjamin,Garcia ,Sunset,11,Free/Reduced,0,0,2013-02-10
200189,Liam,Brown,Mosley,hs-senior,Unknown,0,0,2018-12-22
200190,James,Jackson,Riverview,3,Paid,0,1,2013-01-29
200191,James,Wilson,Riverview,5,Free/Reduced,1,0,2012-05-09
200192,Mia,Anderson,Riverview,10,Free/Reduced,1,1,2012-08-02
200193,Sophia,Thomas,Pinecrest,4,Free/Reduced,0,0,2015-10-07
200194,Ava,Brown,Sunset,6.0,Paid,0,0,2007-09-02
200195,Sophia,Martinez,Pinecrest,7,Free/Reduced,1,0,2013-11-26
200196,Lucas,Garcia,Sunset,2,Free/Reduced,1,0,2011-02-04
200197,Emma,Smith,Sunset,2,Unknown,0,0,2018-01-04
200198,Olivia,Martin,Mosley,7,Paid,0,0,2014-02-16
200199,Olivia,Garcia,Riverview,9,Free/Reduced,0,0,2012-03-13
200200,Amelia,Wilson,Sunset,11,Free/Reduced,0,0,2010-04-26
200201,Charlotte,Martinez,Pinecrest,K,Free/Reduced,0,1,2010-06-05
200202,Mia,Martin,Sunset,6.0,Free/Reduced,0,0,2019-06-22
200203,Liam,Jackson,Pinecrest,7,Free/Reduced,0,0,2018-05-29
200204,Sophia,Martin,Mosley,10,Free/Reduced,0,1,2008-01-07
200205,Sophia,Wilson,Altura,3,Unknown,0,0,2014-06-10
200206,Isabella,Martin,Riverview,9,Paid,0,0,2012-10-07
200207,Lucas,Martin,Pinecrest,9,Unknown,1,0,2014-04-05
200208,Isabella,Martin,Sunset,hs-senior,Free/Reduced,1,0,2014-11-15
200209,Emma,Jackson,Mosley,1,Paid,0,1,2018-12-06
200210,Olivia,Johnson,Sunset,10,Free/Reduced,1,0,2009-11-30
200211,Sophia,Anderson,Mosley,9,Paid,0,0,2011-08-11
200212,Ava,Smith,Riverview,K,Paid,0,0,2010-04-19
200213,Benjamin,Anderson,Riverview,11,Free/Reduced,0,0,2010-11-21
200214,Lucas,Moore,Altura,8,Free/Reduced,0,0,2014-03-18
200215,Olivia,Martin,Sunset,hs-senior,Free/Reduced,0,0,2012-09-12
200216,Emma,Moore,Pinecrest,9,Free/Reduced,0,0,2010-04-21
200217,Emma,Garcia,sunset,hs-senior,Free/Reduced,0,0,2012-04-08
200218,Liam,Smith,Pinecrest,11,Free/Reduced,0,0,2017-09-02
200219,Charlotte,Wilson,Pinecrest,3,Paid,0,0,2012-09-19
200220,Ava,Moore,Altura,9,Unknown,0,0,2011-01-26
200221,Lucas,Thomas,Mosley,9,Free/Reduced,1,1,2010-08-08
200222,Isabella,Taylor,Pinecrest,4,Paid,0,0,2008-01-24
200223,Mia,Garcia,Altura,6.0,Free/Reduced,0,1,2009-05-23
200224,Emma,Smith,Altura,5,Free/Reduced,0,0,2010-04-26
200225,Benjamin,Jackson,Sunset,7,Unknown,0,0,2018-05-12
200226,Isabella,Davis,Riverview,10,Free/Reduced,0,0,2011-01-24
200227,Olivia,Thomas,Pinecrest,10,Free/Reduced,0,0,2007-11-12
200228,Elijah,Smith,Mosley,5,Free/Reduced,0,0,2014-09-08
200229,Amelia,Taylor,Sunset,4,Paid,0,0,2019-01-14
200230,Mia,Davis,Sunset,hs-senior,Paid,0,0,2019-03-13
200231,Elijah,Davis,Riverview,hs-senior,Free/Reduced,0,0,2008-03-26
200232,Isabella,Martin,Riverview,11,Free/Reduced,0,1,2014-09-06
200233,Benjamin,Jackson,Altura,hs-senior,Free/Reduced,0,0,2014-02-24
200234,Lucas,Martin,Riverview,9,Free/Reduced,0,0,2015-06-02
200235,Amelia,Davis ,Altura,1,Free/Reduced,0,0,2014-04-05
200236,Emma,Johnson,Pinecrest,8,Free/Reduced,0,0,2016-08-11
200237,Liam,Lopez,Altura,10,Paid,0,0,2018-11-29
200238,Charlotte,Smith,Altura,11,Free/Reduced,1,1,2008-01-12
200239,Mia,Lopez,Mosley,1,Free/Reduced,0,0,2019-08-10
200240,Lucas,Johnson,Altura,11,Paid,0,0,2008-04-25
200241,James,Garcia,Riverview,6.0,Free/Reduced,0,0,2010-04-21
200242,Lucas,Garcia,Altura,10,Free/Reduced,0,1,2017-07-13
200243,Liam,Jackson,Altura,9,Free/Reduced,0,0,2013-01-05
200244,Isabella,Anderson,Altura,hs-senior,Free/Reduced,0,1,2013-07-01
200245,Lucas,Brown,Altura,10,Free/Reduced,0,0,2009-05-01
200246,Noah,Garcia,Pinecrest,11,Paid,0,0,2019-03-21
200247,Olivia,Lopez,Sunset,10,Free/Reduced,0,0,2013-07-10
200248,Olivia,Martin,altura,6.0,Unknown,0,0,2013-12-11
200249,Olivia,Martinez,Sunset,2,Free/Reduced,0,0,2008-04-29
200250,James,Martinez,Mosley,1,Free/Reduced,0,0,2014-05-09
200251,Charlotte,Martinez,Pinecrest,1,Free/Reduced,0,0,2018-03-02
200252,Liam,Wilson,Pinecrest,9,Paid,0,1,2014-12-25
200253,Lucas,Smith,Sunset,hs-senior,Paid,0,0,2008-04-29
200254,Isabella,Moore,Pinecrest,11,Free/Reduced,0,0,2007-11-18
200255,Ava,Moore,Riverview,11,Free/Reduced,1,0,2010-06-28
200256,James,Wilson,Altura,10,Free/Reduced,0,0,2012-03-26
200257,Noah,Martinez,Riverview,7,Unknown,1,1,2014-08-21
200258,Amelia,Brown,Altura,1,Paid,0,0,2011-12-22
200259,Charlotte,Moore,Pinecrest,10,Free/Reduced,1,0,2010-04-20
200260,Ava,Garcia,Sunset,10,Paid,0,0,2008-09-04
200261,Isabella,Martinez,Altura,7,Free/Reduced,0,1,2018-07-28
200262,Amelia,Johnson,Altura,5,Paid,0,0,2017-10-15
200263,Olivia,Garcia,Mosley,2,Free/Reduced,1,0,2018-10-19
200264,Isabella,Martin,Pinecrest,11,Paid,0,0,2015-01-30
200265,Benjamin,Wilson,Sunset,8,Free/Reduced,0,0,2009-06-23
200266,Mateo,Anderson,Pinecrest,K,Free/Reduced,0,0,2008-06-09
200267,Liam,Brown,Altura,5,Free/Reduced,0,0,2009-01-27
200268,Charlotte,Davis,Riverview,9,Paid,0,0,2008-08-27
200269,Isabella,Wilson,Mosley,10,Unknown,0,0,2017-06-02
200270,Lucas,Thomas,Sunset,11,Paid,0,0,2014-08-22
200271,Noah,Davis,Pinecrest,11,Paid,0,0,2014-11-17
200272,Mia,Lopez,Riverview,7,Free/Reduced,0,0,2012-12-12
200273,Elijah,Davis,Sunset,6.0,Free/Reduced,0,0,2013-05-17
200274,Benjamin,Garcia,Mosley,6.0,Free/Reduced,1,0,2017-06-26
200275,Elijah,Martinez,Sunset,8,Paid,0,0,2009-04-16
200276,Mia,Moore,Pinecrest,7,Free/Reduced,0,0,2009-02-23
200277,Isabella,Davis,Mosley,11,Free/Reduced,0,0,2010-12-20
200278,Ava,Johnson,Riverview,1,Paid,0,0,2012-09-10
200279,Ava,Smith,sunset,7,Free/Reduced,0,1,2013-08-11
200280,Mateo,Lopez,Sunset,8,Free/Reduced,0,0,2017-10-14
200281,Benjamin,Martin,Sunset,9,Paid,0,0,2009-02-28
200282,Benjamin,Thomas ,Pinecrest,11,Free/Reduced,1,0,2014-03-31
200283,Olivia,Thomas,Altura,10,Free/Reduced,0,0,2012-10-05
200284,Lucas,Davis,Mosley,2,Free/Reduced,1,0,2011-08-02
200285,Amelia,Thomas,Mosley,4,Free/Reduced,1,0,2017-03-03
200286,Olivia,Thomas,Pinecrest,4,Free/Reduced,1,0,2013-12-15
200287,Mateo,Anderson,Mosley,5,Paid,0,0,2009-07-03
200288,Elijah,Taylor,Pinecrest,8,Unknown,0,0,2019-05-01
200289,Isabella,Martinez,Mosley,9,Free/Reduced,0,0,2012-12-14
200290,Lucas,Jackson,Altura,2,Free/Reduced,0,0,2016-01-19
200291,Ava,Smith,Pinecrest,3,Free/Reduced,0,0,2019-05-13
200292,Ava,Johnson,Altura,7,Free/Reduced,0,1,2016-04-03
200293,Isabella,Johnson,Pinecrest,7,Paid,0,0,2009-05-03
200294,Mia,Smith,Mosley,4,Free/Reduced,0,0,2015-04-23
200295,Emma,Davis,Altura,4,Unknown,0,0,2013-06-14
200296,Lucas,Wilson,Riverview,hs-senior,Free/Reduced,0,0,2012-08-19
200297,Lucas,Taylor,Riverview,10,Unknown,0,0,2014-08-30
200298,Amelia,Anderson,Sunset,9,Paid,0,1,2017-04-26
200299,Amelia,Johnson,Mosley,11,Paid,0,1,2015-10-25
200300,Amelia,Smith,Altura,6.0,Paid,1,0,2015-12-01
200301,Benjamin,Davis,Pinecrest,1,Paid,0,1,2012-11-23
200302,Emma,Martinez,Sunset,5,Unknown,1,0,2017-10-29
200303,Mateo,Martinez,Riverview,8,Paid,1,0,2008-04-14
200304,James,Moore,Pinecrest,11,Free/Reduced,0,0,2015-11-08
200305,Amelia,Moore,Mosley,4,Paid,1,0,2018-11-01
200306,Emma,Moore,Pinecrest,1,Free/Reduced,0,0,2010-09-03
200307,Lucas,Lopez,Sunset,5,Paid,0,1,2010-03-19
200308,Ava,Garcia,Sunset,1,Free/Reduced,0,0,2014-07-07
200309,Lucas,Garcia,Mosley,11,Free/Reduced,0,0,2011-04-29
200310,Emma,Martinez,sunset,hs-senior,Paid,0,0,2013-11-05
200311,Mia,Smith,Pinecrest,K,Free/Reduced,0,0,2008-01-20
200312,Noah,Martinez,Riverview,6.0,Unknown,0,0,2008-06-07
200313,Elijah,Wilson,Altura,hs-senior,Free/Reduced,0,1,2015-09-25
200314,Isabella,Brown,Pinecrest,K,Unknown,0,0,2011-11-10
200315,Mia,Garcia,Altura,10,Free/Reduced,0,0,2014-02-23
200316,Ava,Wilson,Mosley,11,Free/Reduced,0,0,2007-10-11
200317,Noah,Taylor,Pinecrest,11,Paid,0,1,2016-06-03
200318,Charlotte,Lopez,Riverview,11,Free/Reduced,0,0,2012-01-03
200319,Emma,Martinez,Altura,11,Paid,0,0,2017-04-17
200320,Lucas,Garcia,Pinecrest,1,Unknown,0,0,2011-08-18
200321,Amelia,Davis,Riverview,10,Paid,1,0,2011-12-22
200322,Noah,Anderson,Sunset,3,Free/Reduced,0,0,2009-04-01
200323,Olivia,Moore,Pinecrest,9,Paid,0,0,2013-11-09
200324,Lucas,Johnson,Riverview,7,Free/Reduced,0,0,2013-07-11
200325,James,Smith,Sunset,7,Free/Reduced,0,0,2013-05-28
200326,Benjamin,Smith,Mosley,K,Free/Reduced,0,0,2013-01-20
200327,Benjamin,Thomas,Mosley,hs-senior,Free/Reduced,0,0,2010-01-03
200328,Emma,Brown,Pinecrest,8,Free/Reduced,0,0,2011-05-19
200329,Charlotte,Martin ,Altura,6.0,Paid,1,0,2010-10-07
200330,Amelia,Jackson,Mosley,11,Unknown,1,0,2008-02-21
200331,Sophia,Martin,Mosley,K,Paid,0,0,2010-05-17
200332,Ava,Garcia,Riverview,2,Free/Reduced,0,0,2017-02-09
200333,Mia,Anderson,Pinecrest,9,Paid,0,0,2010-02-26
200334,Liam,Brown,Pinecrest,9,Paid,0,0,2017-06-25
200335,James,Davis,Pinecrest,hs-senior,Paid,0,0,2013-11-30
200336,Ava,Lopez,Sunset,K,Free/Reduced,0,0,2011-08-02
200337,Lucas,Davis,Pinecrest,9,Free/Reduced,0,0,2018-09-03
200338,Olivia,Thomas,Sunset,3,Free/Reduced,0,0,2016-03-31
200339,Sophia,Wilson,Pinecrest,K,Free/Reduced,0,0,2012-12-26
200340,Sophia,Johnson,Altura,6.0,Free/Reduced,1,0,2016-06-24
200341,Mia,Jackson,riverview,6.0,Free/Reduced,0,0,2015-09-07
200342,Olivia,Martinez,Riverview,11,Paid,0,0,2012-11-13
200343,Liam,Martinez,Mosley,hs-senior,Free/Reduced,0,0,2011-02-09
200344,Mia,Johnson,Mosley,2,Free/Reduced,0,0,2008-01-02
200345,Emma,Brown,Pinecrest,9,Paid,1,0,2012-12-19
200346,James,Davis,Riverview,2,Paid,0,0,2014-03-18
200347,Mia,Brown,Mosley,4,Free/Reduced,0,0,2011-12-05
200348,Amelia,Taylor,Riverview,5,Paid,0,0,2010-10-09
200349,Liam,Taylor,Mosley,10,Paid,0,0,2017-11-22
200350,Isabella,Brown,Mosley,6.0,Free/Reduced,0,0,2017-11-17
200351,Charlotte,Taylor,Pinecrest,10,Free/Reduced,1,0,2011-10-20
200352,Amelia,Martinez,Pinecrest,4,Paid,1,0,2013-09-03
200353,Isabella,Moore,Riverview,11,Paid,0,0,2017-03-20
200354,Benjamin,Wilson,Riverview,9,Paid,0,0,2018-01-28
200355,Liam,Moore,Pinecrest,10,Paid,1,0,2012-10-07
200356,Noah,Jackson,Riverview,11,Paid,0,1,2014-06-26
200357,Emma,Jackson,Pinecrest,3,Paid,0,1,2018-05-12
200358,Olivia,Thomas,Altura,4,Free/Reduced,1,0,2009-07-27
200359,Benjamin,Anderson,Pinecrest,hs-senior,Free/Reduced,1,0,2009-02-23
200360,Sophia,Brown,Sunset,11,Paid,0,0,2013-10-14
200361,Lucas,Smith,Pinecrest,9,Free/Reduced,0,0,2008-10-18
200362,Charlotte,Davis,Mosley,8,Paid,0,0,2013-05-24
200363,James,Brown,Riverview,4,Free/Reduced,0,0,2011-10-07
200364,James,Wilson,Mosley,3,Free/Reduced,1,1,2018-07-10
200365,Sophia,Taylor,Altura,8,Paid,0,0,2015-05-30
200366,Emma,Brown,Riverview,9,Free/Reduced,1,0,2012-01-07
200367,Noah,Garcia,Sunset,4,Paid,1,0,2013-12-25
200368,James,Taylor,Sunset,4,Free/Reduced,0,0,2011-02-16
200369,Isabella,Jackson,Altura,4,Paid,0,0,2014-05-04
200370,Emma,Moore,Sunset,5,Free/Reduced,0,0,2009-11-27
200371,James,Brown,Pinecrest,6.0,Unknown,0,0,2012-12-31
200372,Ava,Moore,sunset,10,Free/Reduced,0,0,2010-03-17
200373,Elijah,Moore,Altura,9,Unknown,0,0,2011-04-09
200374,Isabella,Smith,Riverview,hs-senior,Free/Reduced,0,0,2008-04-14
200375,Amelia,Anderson,Altura,10,Free/Reduced,1,0,2016-07-12
200376,Mateo,Davis ,Pinecrest,3,Paid,0,0,2012-06-17
200377,Elijah,Lopez,Altura,10,Unknown,0,0,2011-09-01
200378,Ava,Garcia,Altura,K,Paid,1,0,2013-06-01
200379,Isabella,Martin,Mosley,hs-senior,Paid,0,1,2009-07-06
200380,Lucas,Brown,Riverview,8,Paid,0,0,2009-09-09
200381,Isabella,Moore,Riverview,10,Free/Reduced,0,0,2017-09-23
200382,Isabella,Moore,Altura,K,Paid,1,0,2017-02-22
200383,Emma,Anderson,Sunset,7,Free/Reduced,0,0,2010-04-30
200384,Sophia,Garcia,Pinecrest,K,Paid,0,0,2016-03-13
200385,Olivia,Taylor,Mosley,1,Free/Reduced,0,0,2010-09-07
200386,Amelia,Lopez,Sunset,8,Unknown,0,0,2010-05-07
200387,Liam,Taylor,Pinecrest,1,Free/Reduced,0,0,2014-04-06
200388,Lucas,Thomas,Pinecrest,5,Free/Reduced,1,0,2017-03-15
200389,Mateo,Taylor,Pinecrest,hs-senior,Free/Reduced,0,0,2008-02-06
200390,Lucas,Martin,Altura,2,Free/Reduced,0,0,2012-04-23
200391,Liam,Davis,Riverview,4,Free/Reduced,0,0,2017-08-24
200392,Olivia,Martin,Riverview,8,Free/Reduced,0,0,2010-09-21
200393,Elijah,Moore,Pinecrest,9,Free/Reduced,1,0,2017-06-03
200394,Olivia,Anderson,Mosley,hs-senior,Unknown,0,1,2008-08-22
200395,Lucas,Johnson,Sunset,1,Paid,1,0,2010-01-30
200396,James,Taylor,Riverview,9,Free/Reduced,1,1,2009-02-01
200397,James,Thomas,Riverview,10,Free/Reduced,0,0,2019-05-23
200398,Noah,Wilson,Sunset,11,Paid,1,0,2017-06-23
200399,Amelia,Thomas,Pinecrest,K,Paid,0,0,2010-04-01
200400,Mateo,Davis,Riverview,K,Free/Reduced,0,0,2011-09-01
200401,Elijah,Lopez,Pinecrest,hs-senior,Free/Reduced,0,0,2010-05-07
200402,Noah,Martinez,Altura,K,Free/Reduced,0,0,2007-12-25
200403,James,Garcia,sunset,6.0,Paid,1,1,2017-10-17
200404,Sophia,Thomas,Pinecrest,10,Free/Reduced,1,0,2012-07-08
200405,Lucas,Jackson,Riverview,10,Paid,0,0,2018-06-29
200406,Mia,Jackson,Riverview,11,Unknown,1,0,2013-08-19
200407,Sophia,Thomas,Pinecrest,8,Free/Reduced,0,0,2019-03-09
200408,Sophia,Martin,Mosley,1,Free/Reduced,1,0,2011-06-22
200409,Elijah,Taylor,Pinecrest,5,Paid,0,0,2018-05-12
200410,Liam,Anderson,Riverview,K,Free/Reduced,1,0,2019-05-17
200411,Benjamin,Anderson,Altura,6.0,Free/Reduced,0,1,2016-04-22
200412,James,Garcia,Mosley,K,Paid,1,0,2015-04-30
200413,Lucas,Martinez,Sunset,9,Paid,1,0,2008-03-24
200414,Lucas,Martin,Mosley,hs-senior,Free/Reduced,0,0,2008-07-06
200415,Emma,Wilson,Sunset,1,Free/Reduced,0,0,2019-07-29
200416,Lucas,Smith,Pinecrest,K,Free/Reduced,0,0,2008-01-31
200417,Mateo,Martinez,Riverview,10,Paid,0,1,2019-03-01
200418,Charlotte,Lopez,Riverview,hs-senior,Paid,0,1,2017-09-12
200419,Liam,Taylor,Altura,2,Free/Reduced,0,0,2016-12-30
200420,Charlotte,Smith,Sunset,8,Unknown,0,0,2018-03-21
200421,Noah,Garcia,Riverview,K,Paid,0,0,2011-03-17
200422,Liam,Jackson,Altura,8,Free/Reduced,0,0,2014-03-14
200423,Emma,Smith ,Mosley,7,Free/Reduced,1,0,2009-06-20
200424,Amelia,Taylor,Pinecrest,11,Paid,0,0,2016-02-19
200425,Mia,Anderson,Pinecrest,4,Paid,0,0,2016-07-25
200426,Liam,Garcia,Sunset,K,Free/Reduced,0,0,2008-01-18
200427,Ava,Davis,Mosley,10,Free/Reduced,0,0,2007-10-20
200428,Lucas,Brown,Sunset,1,Free/Reduced,0,1,2017-12-22
200429,Sophia,Lopez,Mosley,6.0,Paid,0,0,2015-03-24
200430,Lucas,Anderson,Altura,7,Unknown,0,0,2011-05-04
200431,Lucas,Martinez,Mosley,8,Free/Reduced,0,0,2014-05-01
200432,Isabella,Johnson,Riverview,4,Free/Reduced,0,1,2016-11-18
200433,Mateo,Jackson,Pinecrest,1,Free/Reduced,0,0,2017-05-25
200434,Charlotte,Johnson,mosley,K,Unknown,0,0,2019-02-25
200435,Mateo,Moore,Altura,2,Free/Reduced,0,0,2015-11-12
200436,Emma,Taylor,Sunset,9,Free/Reduced,0,0,2010-08-27
200437,Sophia,Smith,Riverview,hs-senior,Free/Reduced,0,0,2008-02-23
200438,Olivia,Smith,Riverview,10,Free/Reduced,1,0,2016-10-25
200439,Noah,Jackson,Riverview,6.0,Unknown,0,0,2010-07-31
200440,Isabella,Johnson,Sunset,1,Free/Reduced,1,0,2015-04-16
200441,Lucas,Martin,Mosley,4,Free/Reduced,0,0,2011-04-30
200442,Ava,Taylor,Sunset,6.0,Free/Reduced,1,0,2014-02-22
200443,James,Wilson,Mosley,9,Paid,0,0,2009-07-22
200444,Benjamin,Thomas,Riverview,3,Paid,0,1,2015-08-22
200445,Olivia,Martinez,Sunset,10,Free/Reduced,0,0,2009-09-11
200446,Isabella,Wilson,Riverview,9,Unknown,0,0,2014-09-03
200447,Mateo,Thomas,Altura,5,Free/Reduced,0,0,2016-08-22
200448,Ava,Lopez,Sunset,K,Free/Reduced,1,0,2010-03-13
200449,Emma,Smith,Mosley,9,Paid,1,0,2009-11-11
200450,Noah,Martinez,Altura,hs-senior,Free/Reduced,0,0,2007-10-31
200451,Charlotte,Thomas,Pinecrest,10,Free/Reduced,1,1,2011-12-20
200452,Benjamin,Thomas,Riverview,4,Free/Reduced,0,1,2010-06-26
200453,Mia,Jackson,Riverview,3,Paid,0,0,2015-09-21
200454,Olivia,Anderson,Altura,9,Free/Reduced,0,0,2016-10-01
200455,Elijah,Martinez,Sunset,10,Free/Reduced,0,0,2009-08-21
200456,Benjamin,Taylor,Sunset,11,Free/Reduced,0,0,2012-06-02
200457,Isabella,Moore,Mosley,2,Free/Reduced,0,0,2017-02-13
200458,Amelia,Wilson,Sunset,8,Free/Reduced,0,0,2008-11-22
200459,James,Johnson,Mosley,8,Paid,0,1,2014-10-21
200460,Ava,Martinez,Altura,5,Free/Reduced,0,0,2011-05-11
200461,Isabella,Smith,Sunset,10,Unknown,0,0,2008-05-08
200462,James,Brown,Riverview,9,Paid,0,0,2010-09-01
200463,Elijah,Wilson,Pinecrest,11,Paid,0,0,2018-02-11
200464,Sophia,Martin,Riverview,11,Free/Reduced,0,0,2015-11-07
200465,Benjamin,Anderson,pinecrest,hs-senior,Free/Reduced,0,1,2015-03-26
200466,Charlotte,Anderson,Sunset,11,Free/Reduced,1,0,2014-10-18
200467,Olivia,Garcia,Pinecrest,8,Free/Reduced,0,0,2018-12-27
200468,Mateo,Lopez,Riverview,7,Paid,0,0,2016-09-19
200469,Liam,Martin,Pinecrest,6.0,Paid,0,0,2013-01-07
200470,Elijah,Anderson ,Sunset,10,Paid,1,0,2018-01-18
200471,Mia,Martinez,Mosley,10,Free/Reduced,0,0,2012-12-08
200472,James,Thomas,Pinecrest,10,Paid,0,1,2017-05-27
200473,Emma,Davis,Sunset,5,Free/Reduced,0,0,2009-05-08
200474,Mateo,Anderson,Mosley,3,Free/Reduced,1,0,2016-08-22
200475,Ava,Thomas,Sunset,6.0,Paid,0,0,2008-09-18
200476,Benjamin,Davis,Riverview,9,Paid,0,0,2019-04-22
200477,Emma,Thomas,Mosley,9,Paid,0,0,2011-01-13
200478,Noah,Lopez,Pinecrest,10,Paid,0,0,2009-10-08
200479,Emma,Davis,Altura,11,Free/Reduced,0,0,2009-07-21
200480,Olivia,Anderson,Pinecrest,11,Free/Reduced,1,1,2019-07-05
200481,Liam,Johnson,Sunset,11,Paid,1,0,2012-04-02
200482,Mateo,Jackson,Sunset,11,Paid,1,0,2017-11-13
200483,James,Jackson,Altura,K,Free/Reduced,0,0,2015-06-21
200484,Olivia,Davis,Altura,hs-senior,Paid,0,0,2018-03-06
200485,Mateo,Thomas,Riverview,9,Paid,0,0,2012-01-14
200486,James,Brown,Riverview,10,Free/Reduced,0,0,2009-06-12
200487,Benjamin,Johnson,Mosley,8,Free/Reduced,1,1,2013-09-26
200488,Noah,Davis,Sunset,K,Free/Reduced,0,0,2010-09-03
200489,Emma,Moore,Riverview,9,Paid,0,0,2012-10-18
200490,Ava,Lopez,Sunset,2,Paid,0,0,2019-02-18
200491,Benjamin,Martin,Altura,9,Free/Reduced,0,0,2011-04-12
200492,Olivia,Garcia,Pinecrest,8,Free/Reduced,0,0,2009-11-13
200493,Ava,Davis,Sunset,1,Paid,0,0,2014-03-15
200494,Noah,Lopez,Pinecrest,9,Free/Reduced,1,1,2010-04-01
200495,Mateo,Martinez,Pinecrest,11,Free/Reduced,0,0,2008-12-08
200496,Charlotte,Lopez,sunset,hs-senior,Paid,0,0,2018-03-23
200497,Isabella,Martin,Mosley,8,Paid,0,0,2009-10-02
200498,Noah,Johnson,Mosley,1,Free/Reduced,0,1,2013-04-02
200499,Elijah,Wilson,Riverview,4,Paid,0,0,2010-01-09
200500,Elijah,Moore,Pinecrest,6.0,Free/Reduced,0,1,2018-04-01
200501,Olivia,Garcia,Altura,5,Paid,0,0,2017-10-31
200502,Charlotte,Lopez,Sunset,9,Free/Reduced,0,0,2016-06-04
200503,Benjamin,Wilson,Sunset,4,Free/Reduced,0,0,2010-05-18
200504,Isabella,Anderson,Sunset,4,Free/Reduced,0,0,2009-02-11
200505,Mia,Moore,Sunset,11,Free/Reduced,0,0,2015-08-06
200506,Lucas,Wilson,Riverview,3,Free/Reduced,0,0,2016-03-06
200507,Mia,Moore,Riverview,11,Free/Reduced,0,0,2015-07-18
200508,Elijah,Jackson,Pinecrest,11,Free/Reduced,0,0,2008-05-27
200509,Charlotte,Davis,Mosley,8,Free/Reduced,0,0,2011-08-16
200510,Elijah,Moore,Altura,11,Free/Reduced,0,1,2013-12-12
200511,Elijah,Martin,Altura,6.0,Paid,0,0,2009-12-05
200512,Charlotte,Jackson,Pinecrest,2,Paid,0,0,2015-05-11
200513,Noah,Lopez,Sunset,10,Paid,0,0,2014-08-22
200514,James,Smith,Altura,7,Free/Reduced,0,0,2019-03-06
200515,Sophia,Martin,Sunset,hs-senior,Paid,0,0,2008-02-03
200516,Lucas,Jackson,Altura,7,Free/Reduced,0,1,2009-01-10
200517,James,Martin ,Pinecrest,2,Free/Reduced,0,0,2015-11-01
200518,Mia,Garcia,Sunset,7,Paid,0,0,2012-09-22
200519,Noah,Anderson,Pinecrest,2,Free/Reduced,0,0,2012-08-11
200520,Amelia,Smith,Sunset,hs-senior,Free/Reduced,1,0,2016-09-16
200521,Isabella,Martin,Altura,8,Paid,0,0,2012-06-14
200522,Emma,Wilson,Pinecrest,6.0,Free/Reduced,0,0,2011-02-08
200523,Ava,Brown,Riverview,4,Free/Reduced,0,0,2010-01-18
200524,Amelia,Taylor,Sunset,9,Free/Reduced,1,1,2018-01-23
200525,Isabella,Smith,Mosley,hs-senior,Free/Reduced,0,0,2015-03-10
200526,Benjamin,Brown,Mosley,5,Free/Reduced,0,0,2019-06-15
200527,Elijah,Smith,pinecrest,3,Free/Reduced,1,0,2019-04-03
200528,Charlotte,Wilson,Sunset,2,Unknown,0,0,2011-02-25
200529,Elijah,Martin,Altura,hs-senior,Paid,0,0,2019-04-18
200530,Emma,Brown,Sunset,K,Free/Reduced,0,0,2014-03-26
200531,Liam,Garcia,Sunset,4,Free/Reduced,0,0,2012-01-19
200532,Benjamin,Brown,Mosley,6.0,Paid,0,0,2017-05-23
200533,Noah,Davis,Sunset,hs-senior,Free/Reduced,0,0,2010-05-11
200534,Lucas,Thomas,Riverview,hs-senior,Free/Reduced,0,0,2009-02-11
200535,Emma,Moore,Pinecrest,8,Paid,0,0,2010-06-05
200536,Elijah,Lopez,Mosley,10,Free/Reduced,0,0,2011-02-12
200537,Olivia,Jackson,Mosley,11,Paid,0,0,2013-03-04
200538,Amelia,Moore,Pinecrest,10,Paid,0,0,2009-09-01
200539,Isabella,Martin,Mosley,hs-senior,Free/Reduced,0,0,2012-01-05
200540,Lucas,Moore,Riverview,3,Unknown,0,0,2011-08-20
200541,Emma,Smith,Altura,11,Paid,0,0,2013-03-30
200542,Isabella,Jackson,Altura,7,Free/Reduced,1,0,2011-02-14
200543,Elijah,Jackson,Sunset,10,Paid,0,0,2010-08-19
200544,Olivia,Martinez,Pinecrest,9,Free/Reduced,0,0,2017-07-13
200545,Olivia,Davis,Sunset,9,Free/Reduced,1,0,2015-09-29
200546,Amelia,Lopez,Riverview,10,Free/Reduced,0,0,2012-12-22
200547,Noah,Brown,Riverview,11,Paid,0,0,2010-08-09
200548,Ava,Brown,Riverview,6.0,Paid,0,0,2018-05-13
200549,Elijah,Taylor,Altura,hs-senior,Free/Reduced,0,0,2009-09-27
200550,Elijah,Wilson,Pinecrest,4,Free/Reduced,1,0,2010-01-23
200551,Mia,Lopez,Sunset,9,Free/Reduced,0,0,2015-04-12
200552,Sophia,Moore,Riverview,11,Paid,0,1,2014-08-16
200553,Amelia,Garcia,Sunset,7,Free/Reduced,0,0,2012-06-30
200554,Isabella,Garcia,Mosley,11,Paid,1,0,2011-09-15
200555,Ava,Anderson,Mosley,11,Paid,0,0,2013-09-06
200556,Sophia,Taylor,Riverview,10,Unknown,0,0,2009-12-19
200557,Sophia,Thomas,Sunset,3,Free/Reduced,0,0,2015-10-20
200558,Liam,Jackson,riverview,7,Paid,0,0,2013-01-12
200559,Lucas,Martin,Altura,5,Free/Reduced,0,0,2015-09-29
200560,Sophia,Smith,Mosley,11,Paid,0,0,2009-10-23
200561,Ava,Brown,Riverview,K,Paid,0,0,2008-11-04
200562,Charlotte,Thomas,Sunset,6.0,Unknown,0,0,2014-01-17
200563,Charlotte,Wilson,Pinecrest,6.0,Free/Reduced,0,0,2012-07-25
200564,Mateo,Smith ,Mosley,5,Free/Reduced,0,0,2015-06-22
200565,Amelia,Davis,Mosley,11,Free/Reduced,0,0,2016-05-31
200566,James,Martinez,Sunset,7,Paid,0,0,2016-02-18
200567,Emma,Taylor,Pinecrest,8,Paid,0,0,2019-06-29
200568,Liam,Martinez,Pinecrest,8,Free/Reduced,1,0,2012-11-22
200569,James,Garcia,Pinecrest,11,Free/Reduced,0,0,2016-12-28
200570,Lucas,Garcia,Sunset,11,Free/Reduced,0,0,2017-12-05
200571,Olivia,Thomas,Altura,hs-senior,Free/Reduced,0,0,2010-11-14
200572,Isabella,Martin,Riverview,10,Free/Reduced,0,1,2008-06-14
200573,Liam,Taylor,Riverview,6.0,Free/Reduced,0,0,2008-05-02
200574,Charlotte,Taylor,Mosley,2,Free/Reduced,0,0,2010-02-24
200575,Charlotte,Smith,Pinecrest,hs-senior,Free/Reduced,0,0,2010-10-06
200576,Mia,Thomas,Mosley,1,Unknown,0,0,2015-06-13
200577,Ava,Davis,Sunset,9,Paid,0,0,2008-11-17
200578,Isabella,Wilson,Mosley,9,Paid,0,0,2011-02-12
200579,Olivia,Anderson,Pinecrest,K,Paid,0,0,2012-10-25
200580,Lucas,Thomas,Altura,4,Free/Reduced,0,0,2017-03-11
200581,Olivia,Taylor,Sunset,11,Free/Reduced,1,0,2013-08-12
200582,Sophia,Wilson,Riverview,8,Paid,0,0,2014-02-17
200583,Amelia,Davis,Altura,10,Free/Reduced,0,0,2015-04-08
200584,Ava,Jackson,Sunset,hs-senior,Free/Reduced,0,0,2015-01-30
200585,Elijah,Brown,Sunset,K,Paid,0,0,2016-06-18
200586,James,Lopez,Altura,11,Paid,0,0,2013-07-27
200587,Mateo,Garcia,Sunset,4,Free/Reduced,1,0,2009-10-24
200588,Amelia,Brown,Altura,1,Paid,1,0,2008-07-22
200589,Charlotte,Anderson,riverview,9,Unknown,0,0,2009-06-02
200590,Noah,Moore,Altura,2,Unknown,0,0,2014-09-19
200591,Mia,Garcia,Sunset,11,Free/Reduced,0,0,2018-08-10
200592,Noah,Davis,Sunset,9,Free/Reduced,0,0,2012-03-02
200593,Noah,Anderson,Pinecrest,6.0,Unknown,0,0,2017-04-13
200594,Olivia,Moore,Riverview,9,Paid,0,0,2010-01-05
200595,Mia,Thomas,Mosley,4,Paid,0,0,2018-10-15
200596,Sophia,Martin,Altura,4,Unknown,0,0,2015-09-28
200597,Benjamin,Garcia,Mosley,9,Paid,1,0,2018-07-02
200598,Charlotte,Wilson,Altura,hs-senior,Unknown,0,0,2017-08-13
200599,Emma,Martinez,Altura,5,Free/Reduced,0,0,2013-08-03
200600,Olivia,Garcia,Riverview,10,Free/Reduced,0,1,2014-06-12
200601,Sophia,Johnson,Sunset,hs-senior,Free/Reduced,0,0,2015-05-31
200602,Benjamin,Brown,Sunset,hs-senior,Free/Reduced,0,0,2010-04-04
200603,Olivia,Thomas,Sunset,9,Free/Reduced,0,0,2017-06-30
200604,Olivia,Smith,Pinecrest,2,Free/Reduced,0,0,2009-07-04
200605,Ava,Moore,Riverview,2,Paid,0,0,2013-06-19
200606,Benjamin,Johnson,Pinecrest,8,Free/Reduced,1,0,2012-10-13
200607,Lucas,Johnson,Altura,11,Paid,1,0,2017-08-01
200608,Benjamin,Thomas,Riverview,7,Free/Reduced,0,0,2009-07-24
200609,Charlotte,Lopez,Sunset,5,Unknown,0,0,2012-06-01
200610,Elijah,Davis,Riverview,6.0,Unknown,0,1,2011-11-26
200611,Olivia,Martin ,Altura,hs-senior,Free/Reduced,1,0,2012-05-22
200612,Emma,Johnson,Sunset,6.0,Free/Reduced,0,1,2012-07-07
200613,Olivia,Martinez,Pinecrest,11,Free/Reduced,0,0,2016-08-11
200614,Ava,Johnson,Pinecrest,8,Paid,0,0,2016-07-31
200615,Emma,Lopez,Mosley,11,Free/Reduced,0,0,2008-05-22
200616,Isabella,Jackson,Pinecrest,11,Paid,0,0,2016-10-05
200617,Sophia,Thomas,Altura,7,Free/Reduced,0,0,2007-10-05
200618,Olivia,Moore,Riverview,7,Free/Reduced,0,0,2008-08-05
200619,Charlotte,Garcia,Altura,K,Paid,0,1,2013-04-18
200620,Amelia,Martin,pinecrest,K,Free/Reduced,0,0,2017-03-11
200621,Ava,Martinez,Riverview,5,Paid,0,0,2008-07-02
200622,Amelia,Anderson,Altura,2,Free/Reduced,0,0,2019-03-31
200623,Charlotte,Martinez,Pinecrest,2,Free/Reduced,0,0,2017-04-16
200624,Charlotte,Anderson,Altura,5,Paid,0,0,2015-04-11
200625,Ava,Garcia,Altura,1,Unknown,0,0,2017-04-04
200626,Sophia,Martin,Riverview,2,Free/Reduced,0,0,2018-09-24
200627,Sophia,Jackson,Riverview,hs-senior,Free/Reduced,0,0,2018-01-12
200628,Mia,Brown,Mosley,9,Unknown,0,0,2015-09-13
200629,Olivia,Lopez,Altura,3,Paid,0,0,2011-04-05
200630,Mia,Moore,Pinecrest,11,Free/Reduced,0,0,2010-12-05
200631,Olivia,Jackson,Sunset,8,Free/Reduced,0,0,2009-07-16
200632,Benjamin,Wilson,Altura,hs-senior,Paid,1,1,2013-06-13
200633,Olivia,Lopez,Mosley,10,Paid,0,1,2017-11-16
200634,Sophia,Smith,Sunset,3,Free/Reduced,0,0,2009-07-13
200635,Sophia,Johnson,Altura,9,Free/Reduced,0,0,2014-09-24
200636,Isabella,Wilson,Sunset,7,Free/Reduced,0,0,2017-03-04
200637,Amelia,Anderson,Mosley,5,Free/Reduced,1,0,2010-02-18
200638,James,Taylor,Sunset,hs-senior,Free/Reduced,0,0,2019-04-12
200639,Ava,Garcia,Riverview,8,Paid,0,0,2016-06-02
200640,Mateo,Johnson,Pinecrest,8,Paid,0,0,2015-07-29
200641,Ava,Thomas,Mosley,4,Free/Reduced,0,0,2007-10-15
200642,Olivia,Martinez,Riverview,9,Free/Reduced,0,0,2013-04-02
200643,Noah,Johnson,Mosley,6.0,Paid,0,0,2014-12-21
200644,Lucas,Thomas,Pinecrest,K,Free/Reduced,1,0,2009-10-27
200645,Charlotte,Johnson,Pinecrest,11,Free/Reduced,0,0,2007-11-06
200646,Charlotte,Martin,Altura,2,Free/Reduced,1,0,2010-12-01
200647,Elijah,Jackson,Sunset,3,Paid,0,0,2009-03-25
200648,Sophia,Lopez,Pinecrest,9,Unknown,0,0,2018-11-08
200649,Charlotte,Anderson,Altura,5,Free/Reduced,0,1,2015-08-28
200650,Amelia,Thomas,Sunset,6.0,Free/Reduced,0,0,2008-07-21
200651,Mia,Davis,riverview,4,Free/Reduced,0,1,2014-02-27
200652,Charlotte,Anderson,Mosley,10,Free/Reduced,0,0,2014-02-08
200653,Lucas,Davis,Altura,4,Free/Reduced,1,1,2017-12-31
200654,James,Jackson,Pinecrest,10,Free/Reduced,1,0,2013-08-21
200655,James,Martin,Mosley,7,Paid,0,0,2017-05-24
200656,Amelia,Brown,Altura,K,Free/Reduced,0,0,2012-11-07
200657,Benjamin,Taylor,Pinecrest,hs-senior,Free/Reduced,1,0,2018-07-13
200658,James,Wilson ,Sunset,4,Paid,0,0,2014-01-17
200659,Ava,Taylor,Mosley,1,Free/Reduced,1,0,2009-07-21
200660,Charlotte,Garcia,Sunset,5,Free/Reduced,0,1,2008-09-06
200661,Charlotte,Martin,Riverview,7,Paid,1,0,2015-09-18
200662,Elijah,Garcia,Altura,6.0,Paid,0,1,2013-12-12
200663,Elijah,Brown,Sunset,11,Free/Reduced,1,0,2011-03-03
200664,Benjamin,Garcia,Riverview,hs-senior,Free/Reduced,0,0,2010-09-10
200665,Olivia,Lopez,Pinecrest,7,Free/Reduced,0,1,2017-08-18
200666,Benjamin,Jackson,Riverview,6.0,Paid,1,0,2016-06-04
200667,Ava,Taylor,Riverview,4,Paid,0,0,2014-11-23
200668,Sophia,Anderson,Riverview,hs-senior,Free/Reduced,0,0,2011-08-20
200669,Lucas,Johnson,Altura,hs-senior,Paid,0,0,2011-08-16
200670,Mateo,Martin,Pinecrest,10,Free/Reduced,0,0,2013-08-12
200671,Liam,Taylor,Riverview,9,Paid,0,0,2017-09-01
200672,Benjamin,Johnson,Altura,3,Free/Reduced,0,0,2015-12-08
200673,Ava,Martinez,Sunset,11,Paid,0,0,2015-05-11
200674,Liam,Thomas,Altura,11,Free/Reduced,0,0,2017-06-17
200675,Ava,Garcia,Pinecrest,11,Free/Reduced,0,0,2012-10-11
200676,Isabella,Brown,Altura,K,Paid,0,1,2008-04-28
200677,Ava,Wilson,Riverview,3,Free/Reduced,0,0,2017-07-15
200678,Mateo,Garcia,Pinecrest,10,Free/Reduced,1,0,2014-05-16
200679,Sophia,Thomas,Mosley,5,Free/Reduced,0,0,2012-11-23
200680,Mia,Anderson,Altura,hs-senior,Free/Reduced,1,0,2013-01-08
200681,Ava,Brown,Riverview,10,Free/Reduced,0,0,2015-08-05
200682,Amelia,Smith,pinecrest,7,Free/Reduced,1,1,2016-12-20
200683,Amelia,Johnson,Riverview,6.0,Free/Reduced,0,0,2010-06-30
200684,Liam,Jackson,Riverview,11,Paid,0,0,2014-08-23
200685,Isabella,Davis,Pinecrest,3,Free/Reduced,1,0,2018-05-24
200686,Amelia,Taylor,Riverview,K,Free/Reduced,0,1,2012-01-08
200687,Isabella,Smith,Riverview,9,Free/Reduced,0,0,2014-05-27
200688,Liam,Smith,Pinecrest,hs-senior,Paid,0,0,2012-12-09
200689,Lucas,Smith,Riverview,9,Paid,0,0,2009-07-01
200690,Noah,Martinez,Riverview,2,Free/Reduced,0,0,2019-01-12
200691,Lucas,Martin,Pinecrest,3,Free/Reduced,1,0,2013-04-22
200692,Charlotte,Anderson,Sunset,K,Paid,0,0,2019-02-26
200693,Mateo,Martinez,Riverview,1,Free/Reduced,0,0,2013-11-24
200694,Lucas,Johnson,Riverview,4,Paid,0,0,2014-04-12
200695,Benjamin,Wilson,Sunset,4,Free/Reduced,0,0,2010-03-01
200696,Liam,Thomas,Altura,hs-senior,Free/Reduced,0,0,2009-09-04
200697,Noah,Johnson,Riverview,8,Paid,0,0,2008-02-02
200698,Charlotte,Moore,Mosley,10,Paid,0,0,2019-02-17
200699,Ava,Johnson,Pinecrest,3,Paid,0,0,2019-05-13
200700,Elijah,Brown,Riverview,11,Free/Reduced,0,1,2010-08-05
200701,Benjamin,Garcia,Pinecrest,11,Free/Reduced,0,0,2014-07-17
200702,Isabella,Wilson,Sunset,5,Paid,0,0,2015-02-04
200703,Isabella,Martin,Mosley,10,Free/Reduced,0,1,2018-03-03
200704,Isabella,Taylor,Sunset,11,Free/Reduced,1,0,2017-09-09
200705,Elijah,Martin ,Riverview,2,Free/Reduced,0,0,2011-09-20
200706,Sophia,Jackson,Sunset,11,Paid,0,0,2018-04-15
200707,Liam,Garcia,Riverview,5,Unknown,0,0,2017-01-18
200708,Olivia,Johnson,Mosley,11,Paid,0,0,2012-08-02
200709,Noah,Taylor,Pinecrest,1,Free/Reduced,0,0,2011-07-12
200710,Isabella,Martinez,Sunset,8,Paid,0,0,2010-11-16
200711,Lucas,Taylor,Sunset,hs-senior,Paid,0,0,2015-05-27
200712,Amelia,Davis,Riverview,4,Free/Reduced,0,0,2015-11-23
200713,Charlotte,Brown,riverview,K,Free/Reduced,0,0,2016-06-08
200714,Liam,Martinez,Altura,2,Paid,0,0,2016-10-21
200715,Charlotte,Anderson,Sunset,7,Free/Reduced,0,0,2011-11-24
200716,Emma,Garcia,Mosley,10,Free/Reduced,0,0,2010-01-01
200717,Emma,Moore,Mosley,hs-senior,Paid,0,0,2011-02-21
200718,James,Moore,Mosley,11,Free/Reduced,0,0,2010-03-08
200719,Mia,Thomas,Sunset,5,Free/Reduced,0,0,2009-11-09
200720,Mateo,Johnson,Altura,1,Paid,0,0,2007-12-19
200721,Lucas,Garcia,Riverview,hs-senior,Free/Reduced,0,0,2008-04-19
200722,Benjamin,Lopez,Altura,K,Free/Reduced,1,0,2013-11-24
200723,Liam,Garcia,Riverview,8,Paid,0,0,2018-07-09
200724,Benjamin,Moore,Mosley,6.0,Unknown,1,0,2010-03-31
200725,James,Wilson,Riverview,11,Paid,0,0,2016-12-03
200726,Ava,Moore,Pinecrest,K,Free/Reduced,1,0,2016-07-28
200727,James,Brown,Mosley,11,Paid,0,0,2015-12-06
200728,Amelia,Moore,Riverview,11,Paid,0,0,2016-04-25
200729,Amelia,Lopez,Sunset,10,Free/Reduced,1,0,2016-12-23
200730,Noah,Jackson,Mosley,5,Paid,0,0,2015-10-20
200731,Mia,Garcia,Sunset,7,Free/Reduced,0,0,2011-01-27
200732,Emma,Jackson,Altura,hs-senior,Free/Reduced,0,0,2019-05-25
200733,Charlotte,Garcia,Pinecrest,11,Free/Reduced,0,0,2008-05-13
200734,Ava,Moore,Riverview,6.0,Paid,0,0,2014-08-04
200735,Benjamin,Johnson,Sunset,hs-senior,Paid,0,1,2015-07-24
200736,Emma,Smith,Mosley,9,Paid,1,0,2009-06-16
200737,Olivia,Martinez,Riverview,4,Free/Reduced,1,1,2019-06-20
200738,Amelia,Johnson,Pinecrest,6.0,Paid,0,1,2016-03-31
200739,Lucas,Lopez,Mosley,8,Free/Reduced,0,0,2016-02-25
200740,Isabella,Moore,Mosley,4,Free/Reduced,0,0,2008-05-08
200741,Mateo,Wilson,Sunset,11,Free/Reduced,0,0,2010-11-17
200742,Noah,Smith,Mosley,8,Free/Reduced,1,0,2014-04-26
200743,Charlotte,Wilson,Mosley,7,Paid,0,0,2017-01-29
200744,James,Taylor,riverview,7,Free/Reduced,1,0,2016-01-21
200745,Liam,Lopez,Riverview,1,Free/Reduced,0,1,2018-06-01
200746,Olivia,Martinez,Altura,11,Free/Reduced,0,0,2013-05-16
200747,James,Brown,Mosley,3,Free/Reduced,0,0,2008-08-30
200748,Amelia,Lopez,Altura,1,Free/Reduced,1,0,2015-12-27
200749,Isabella,Anderson,Altura,11,Free/Reduced,0,1,2015-03-01
200750,Emma,Wilson,Altura,hs-senior,Paid,0,0,2010-11-12
200751,Emma,Thomas,Altura,7,Paid,0,0,2017-05-26
200752,Liam,Smith ,Altura,9,Paid,0,1,2016-10-20
200753,Charlotte,Davis,Pinecrest,10,Free/Reduced,1,0,2016-09-22
200754,Sophia,Garcia,Riverview,4,Unknown,0,0,2018-12-06
200755,Ava,Smith,Sunset,11,Free/Reduced,0,0,2019-07-12
200756,Olivia,Jackson,Mosley,5,Free/Reduced,0,1,2008-09-07
200757,James,Smith,Pinecrest,K,Paid,1,0,2009-08-03
200758,Isabella,Thomas,Pinecrest,10,Free/Reduced,0,0,2011-12-01
200759,Emma,Lopez,Pinecrest,hs-senior,Free/Reduced,1,0,2017-02-19
200760,Olivia,Anderson,Pinecrest,7,Paid,0,0,2018-12-01
200761,Emma,Johnson,Altura,9,Free/Reduced,1,0,2008-03-27
200762,Ava,Moore,Mosley,K,Free/Reduced,0,0,2010-09-04
200763,Noah,Smith,Mosley,10,Free/Reduced,0,0,2019-02-28
200764,Amelia,Davis,Riverview,hs-senior,Paid,1,0,2010-05-16
200765,Liam,Moore,Riverview,hs-senior,Paid,0,0,2014-05-07
200766,Mateo,Anderson,Mosley,hs-senior,Unknown,0,0,2010-06-24
200767,Sophia,Garcia,Mosley,11,Free/Reduced,0,0,2008-10-08
200768,James,Davis,Altura,11,Free/Reduced,0,0,2019-05-14
200769,Isabella,Davis,Sunset,7,Paid,0,0,2013-04-26
200770,Noah,Lopez,Sunset,10,Paid,0,0,2009-08-10
200771,Liam,Davis,Pinecrest,4,Free/Reduced,0,0,2017-01-19
200772,Liam,Brown,Pinecrest,9,Free/Reduced,0,0,2011-03-16
200773,Elijah,Johnson,Altura,4,Free/Reduced,0,0,2013-02-14
200774,Lucas,Taylor,Riverview,2,Paid,1,0,2014-02-27
200775,Lucas,Martinez,altura,5,Free/Reduced,0,0,2016-12-17
200776,Benjamin,Martin,Altura,9,Free/Reduced,0,0,2015-05-19
200777,Lucas,Jackson,Riverview,5,Paid,0,0,2014-06-22
200778,Mia,Brown,Pinecrest,hs-senior,Paid,1,0,2015-03-03
200779,James,Moore,Riverview,7,Free/Reduced,0,0,2019-08-03
200780,Elijah,Martinez,Riverview,10,Free/Reduced,0,0,2018-01-09
200781,Charlotte,Taylor,Riverview,4,Paid,0,0,2015-04-17
200782,Liam,Anderson,Riverview,4,Free/Reduced,0,0,2010-08-29
200783,Olivia,Johnson,Pinecrest,9,Free/Reduced,0,0,2007-10-19
200784,Noah,Smith,Riverview,8,Free/Reduced,0,0,2018-02-21
200785,Charlotte,Thomas,Mosley,6.0,Unknown,0,0,2008-02-10
200786,Liam,Moore,Riverview,9,Free/Reduced,1,0,2015-04-22
200787,James,Garcia,Sunset,1,Free/Reduced,0,0,2011-12-31
200788,Emma,Taylor,Riverview,hs-senior,Paid,1,0,2008-08-16
200789,Mia,Anderson,Pinecrest,11,Free/Reduced,0,0,2018-12-16
200790,Noah,Taylor,Altura,9,Paid,1,1,2016-03-14
200791,Liam,Taylor,Altura,9,Paid,0,0,2017-03-15
200792,Sophia,Smith,Pinecrest,6.0,Free/Reduced,0,0,2017-06-20
200793,Isabella,Martinez,Pinecrest,7,Paid,1,0,2009-01-14
200794,Emma,Smith,Mosley,hs-senior,Unknown,0,0,2016-01-09
200795,Isabella,Davis,Mosley,K,Free/Reduced,0,0,2017-11-14
200796,Emma,Brown,Pinecrest,11,Free/Reduced,0,0,2008-11-11
200797,Mateo,Davis,Riverview,8,Free/Reduced,1,0,2016-08-14
200798,Olivia,Martinez,Mosley,9,Free/Reduced,0,0,2016-11-25
200799,Charlotte,Johnson ,Mosley,8,Free/Reduced,0,0,2018-04-11
200008,Amelia,Anderson,Pinecrest,11,Paid,0,0,2008-09-14
